count,signal,attention,meditation,delta,theta,lalpha,halpha,lbeta,hbeta,lgamma,hgamma,tasks
2,0,88,16,536.239,56.752,4.526,6.616,5.442,4.165,0.597804391217565,4.32765531062124,noparadigm
3,0,83,30,844.584,24.344,13.188,4.087,1.581,0.771,0.440119760479042,5.83567134268537,noparadigm
4,0,63,17,698.963,190.182,5.619,6.097,5.225,2.898,0.889221556886228,3.53907815631263,noparadigm
