count,signal,attention,meditation,delta,theta,lalpha,halpha,lbeta,hbeta,lgamma,hgamma,tasks
2,51,0,0,695.226,312.897,99.053,86.473,80.072,80.963,154.037924151697,47.9619238476954,noparadigm
3,51,0,0,2091.402,534.655,648.753,690.632,1061.919,641.857,481.146706586826,566.701402805611,noparadigm
4,51,0,0,575.756,139.462,142.677,124.589,107.647,223.642,297.811377245509,115.657314629259,noparadigm
5,51,0,0,2163.289,1708.114,529.484,1108.384,663.29,734.941,171.749500998004,953.707414829659,noparadigm
6,26,0,0,178.359,65.252,18.347,24.177,2.954,6.757,3.31137724550898,12.1472945891784,noparadigm
7,26,0,0,800.503,743.22,10.62,382.578,316.007,364.578,116.676646706587,47.1442885771543,noparadigm
8,51,0,0,1605.696,1248.725,364.9,315.145,195.821,133.364,77.6566866267465,138.86873747495,noparadigm
